title,url,author,created_time,recover,view
Win10磁贴备份工具 BackupSML v1.6,https://www.52pojie.cn/thread-1923987-1-1.html,skingnemo,2024-5-14 12:22,53,1863
网络管理工具 NETworkManager 2024.4.21.0,https://www.52pojie.cn/thread-1916783-1-1.html,skingnemo,2024-4-23 13:54,359,17198
异地组网工具 Radmin_LAN_v1.3.4568.3,https://www.52pojie.cn/thread-1782308-1-1.html,skingnemo,2023-5-6 22:58,567,41237
[tkinter实现]汉字笔顺小软件,https://www.52pojie.cn/thread-1917982-1-1.html,liuchangng,2024-4-26 12:28,11,412
ShareX 全功能截图 v16.0.1 便携版 | 附图床配置，发帖再也不怕找不到图床了,https://www.52pojie.cn/thread-1902470-1-1.html,风之暇想,2024-3-18 15:31,136,8028
音乐播放器 fooboxV7.25——基于foobar2000汉化版的美化整合版(24.4.6更新),https://www.52pojie.cn/thread-1900660-1-1.html,zimupu,2024-3-14 16:16,110,10062
广告跳过器——Android GKD v1.7.3 正式版,https://www.52pojie.cn/thread-1900452-1-1.html,xiaogang1221,2024-3-14 12:21,845,21670
开源谷歌浏览器Supermium v122.0.6261.152便携版——让旧系统用上新内核（winXP-11）,https://www.52pojie.cn/thread-1900188-1-1.html,心开始の未来,2024-3-14 00:47,685,18781
foobar2000 v2.2 preview,https://www.52pojie.cn/thread-1895502-1-1.html,msclds,2024-3-1 17:42,101,6483
【2024-04-20】发票闪印2.5.20（OFD转PDF支持前3页转换）,https://www.52pojie.cn/thread-1893100-1-1.html,xiyi0519,2024-2-25 09:26,385,16703
office卸载、修复工具集,https://www.52pojie.cn/thread-1891628-1-1.html,royzhang,2024-2-21 09:31,507,17270
XYplorer v25.50.0300 中文绿色便携版,https://www.52pojie.cn/thread-1891167-1-1.html,luo1596320,2024-2-19 21:29,63,5681
中华万年历 谷歌市场版 v2版,https://www.52pojie.cn/thread-1888158-1-1.html,kjkuang,2024-2-5 11:59,556,16806
【跳过开屏广告】跳过广告 ads- 4.7.2版本,https://www.52pojie.cn/thread-1886582-1-1.html,noplll,2024-1-31 14:53,657,27232
快速打开文件夹/程序等路径、快速切换对话框目的文件夹：QuickJump 4.1[2024.3.18],https://www.52pojie.cn/thread-1883997-1-1.html,namejm,2024-1-24 01:13,408,12097
高效启动软件-Quicker v1.41.3,https://www.52pojie.cn/thread-1879582-1-1.html,ShuYun,2024-1-12 01:27,139,13285
批量重命名软件ReNamer-Pro版7.3容量小绿色免安装,https://www.52pojie.cn/thread-1868663-1-1.html,laotulaotu,2023-12-13 17:34,47,3556
oppo讯飞输入法8.2.7969,https://www.52pojie.cn/thread-1856259-1-1.html,mightab2024,2023-11-13 15:03,67,4559
KBLAutoSwitch – 中英文输入法自动切换、输入法指示器V2.4.1,https://www.52pojie.cn/thread-1710012-1-1.html,r396517261,2022-11-9 14:44,106,7790
从win7提取的输入法管理器，win10可用,https://www.52pojie.cn/thread-1603115-1-1.html,k98123,2022-3-14 21:00,166,13022
Rolan 1.3.6.1.不升级老版本 带皮肤更换~~~,https://www.52pojie.cn/thread-1318455-1-1.html,shghe,2020-12-1 15:04,64,7711
柚子输入法，目前最新版，可放u盘里，这款是86版本的，喜欢用五笔的来试试,https://www.52pojie.cn/thread-1132105-1-1.html,1676TKMS,2020-3-15 15:47,95,11162
文件搜索神器 Everything v1.5.0.1372a中文便携版【修复版】,https://www.52pojie.cn/thread-1916359-1-1.html,鹿鸣,2024-4-22 12:03,1176,26400
分享一套礼仪培训资料（40+个PPT）,https://www.52pojie.cn/thread-1918375-1-1.html,小火,2024-4-27 17:35,15,901
《资本论漫画版》60分读懂资本论[pdf],https://www.52pojie.cn/thread-1916115-1-1.html,ljf9188,2024-4-21 17:21,88,3011
开源离线语音识别输入工具CapsWriter v1.0——支持无限时长语音+音视频文件转录字幕,https://www.52pojie.cn/thread-1902715-1-1.html,心开始の未来,2024-3-19 01:13,698,21285
精品有声小说-释放双眼，聆听深情演绎,https://www.52pojie.cn/thread-1588520-1-1.html,6kxJnPG,2022-2-16 10:39,95,5407
【开源】MSTSC远程管理器【v1.5更新】,https://www.52pojie.cn/thread-1699249-1-1.html,GMCN,2022-10-14 12:23,403,21425
【开源】MSTSC远程管理器【v1.5更新】,https://www.52pojie.cn/thread-1699249-1-1.html,GMCN,2022-10-14 12:23,403,21425
《安卓逆向这档事》一、模拟器环境搭建,https://www.52pojie.cn/thread-1695141-1-1.html,正己,2022-10-2 17:13,710,76301
破解的基础（一）新手也能轻松看懂,https://www.52pojie.cn/thread-1915429-1-1.html,ddjyx,2024-4-19 13:25,29,1017
2024.5月正式版 VMware Workstation PRO_v17.5.2新鲜出炉,https://www.52pojie.cn/thread-1924296-1-1.html,0475,2024-5-15 09:26,70,2553
Scratch编程（少儿图形化编程工具）v3.29.1,https://www.52pojie.cn/thread-1917636-1-1.html,ORSSR,2024-4-25 14:47,288,11118
远程桌面端口保护工具（不需要重启电脑）和网络配置工具,https://www.52pojie.cn/thread-1915899-1-1.html,test365666,2024-4-20 21:26,151,4896
2345 看图王最新优化版 x86 x64 11.3.0.10162,https://www.52pojie.cn/thread-1912252-1-1.html,mefcl,2024-4-11 10:23,416,10936
win10专业版批量授权密钥，还有6182次,https://www.52pojie.cn/thread-1909867-1-1.html,长得太帅很烦,2024-4-5 02:02,108,3710
初中全套数学视频课 (227节),https://www.52pojie.cn/thread-1912373-1-1.html,hlhlzzz,2024-4-11 14:37,73,2719
网络搜集到的课程《不可不知的数据分析技巧》,https://www.52pojie.cn/thread-1912002-1-1.html,vxqiutian,2024-4-10 16:05,14,1094
赖世雄经典英语语法,https://www.52pojie.cn/thread-1910559-1-1.html,hlhlzzz,2024-4-7 12:07,14,970
分享小学、初中、高中学习资源（七）【高考专项】,https://www.52pojie.cn/thread-1909923-1-1.html,deityso,2024-4-5 11:07,32,2292
尚硅谷2024最新版Git企业实战教程,https://www.52pojie.cn/thread-1909131-1-1.html,woaiyue939539,2024-4-2 20:25,7,333
CSDN会员免费电子书1000本,https://www.52pojie.cn/thread-1907992-1-1.html,hlhlzzz,2024-3-30 20:18,49,2262
【教程】程序员必备！MySQL数据库运维内参,https://www.52pojie.cn/thread-1907181-1-1.html,t17773839515,2024-3-28 16:55,12,944
B站 Freya老师 英语零基础直达六级视频+讲义,https://www.52pojie.cn/thread-1905657-1-1.html,MaxGreen,2024-3-25 15:12,44,1506
中国手语培训教程,https://www.52pojie.cn/thread-1905431-1-1.html,longbang,2024-3-25 09:04,35,782
Midjourney AI：从零基础到高级版的大师班教程 （中英字幕）,https://www.52pojie.cn/thread-1904836-1-1.html,QWERTYm,2024-3-23 12:51,28,1610
《软技能》（一次收获30位得到老师的独家软技能，从此在职场不过时、不贬值、不可...,https://www.52pojie.cn/thread-1904749-1-1.html,QWERTYm,2024-3-23 09:16,54,2714
尚硅谷2024年Python全套教程,https://www.52pojie.cn/thread-1903076-1-1.html,woaiyue939539,2024-3-19 18:11,49,2195
【高级人工智能课】多模态大模型LLM与AIGC前沿技术实战,https://www.52pojie.cn/thread-1896236-1-1.html,CANTON,2024-3-4 09:08,86,3291
买来的高中数学名师赵礼显2024年高中数学高考课程视频教程,https://www.52pojie.cn/thread-1894903-1-1.html,jf0011,2024-2-29 14:22,83,2830
【英语语法全程课】零基础适用（全集50讲）,https://www.52pojie.cn/thread-1893565-1-1.html,gwsc300,2024-2-26 14:26,54,3143
Stable diffusion 真正零基础入门课程 不学点AI不行了,https://www.52pojie.cn/thread-1891991-1-1.html,caiguozi,2024-2-21 23:07,23,3035
Stable Diffusion保姆级教程AI绘画教程,https://www.52pojie.cn/thread-1890820-1-1.html,longbang,2024-2-19 00:10,43,4350
【达内教育】2023最新Python+人工智能就业班 - 带源码课件,https://www.52pojie.cn/thread-1890793-1-1.html,ren163520,2024-2-18 22:38,55,3385
计算机技术相关书籍（大类已分）76.5G,https://www.52pojie.cn/thread-1890073-1-1.html,nodeseek,2024-2-16 12:12,39,2372
【爪哇教育】Web全栈工程师班 - 2023,https://www.52pojie.cn/thread-1889876-1-1.html,longbang,2024-2-15 00:28,6,822
Question图形化文本编辑,https://www.52pojie.cn/thread-1919675-1-1.html,byjimo,2024-5-2 10:18,99,3150
Windows软件管理软件 WingetUI 3.0.2,https://www.52pojie.cn/thread-1919793-1-1.html,WeTrust,2024-5-2 09:59,116,6158
Excle检测百度网盘是否失效,https://www.52pojie.cn/thread-1919774-1-1.html,aichiyu,2024-5-2 07:46,26,808
微信聊天记录导出备份 WechatBakTool 溯雪 0.9.7.5,https://www.52pojie.cn/thread-1919554-1-1.html,KitaIkuyo,2024-5-1 00:20,143,7168
程序锁定,https://www.52pojie.cn/thread-1919237-1-1.html,xuewuchen123,2024-4-30 08:39,105,4552
视频无损剪切与合并 LosslessCut 3.60.0,https://www.52pojie.cn/thread-1919166-1-1.html,叶灵苏,2024-4-30 06:09,823,18385
任务栏透明 TranslucentTB 2024.1,https://www.52pojie.cn/thread-1918955-1-1.html,叶灵苏,2024-4-29 11:42,242,8453
七仔的桌面工具,https://www.52pojie.cn/thread-1917537-1-1.html,baby7,2024-4-25 10:43,268,11632
文件搜索神器 Everything v1.5.0.1372a中文便携版【修复版】,https://www.52pojie.cn/thread-1916359-1-1.html,鹿鸣,2024-4-22 12:03,1176,26400
英语单词听写训练2024504,https://www.52pojie.cn/thread-1915392-1-1.html,snzyj,2024-4-19 11:46,475,9667
配色识色/RGB、CMYK、16进制互转小程序（电脑版）,https://www.52pojie.cn/thread-1914515-1-1.html,104952551,2024-4-17 08:59,155,5050
天汪倒计时（支持自定义）,https://www.52pojie.cn/thread-1914430-1-1.html,jiugg,2024-4-16 21:48,232,5342
360X极速浏览器X64 绿色优化版V22.3.1010.64（2024.4.3),https://www.52pojie.cn/thread-1914058-1-1.html,beizi1754,2024-4-16 04:44,667,17430
统计文本中关键字词组的数量,https://www.52pojie.cn/thread-1913815-1-1.html,cxrm,2024-4-15 14:57,21,992
动态壁纸软件 巨应壁纸 v3.0.16.0 官方版,https://www.52pojie.cn/thread-1913585-1-1.html,ORSSR,2024-4-14 22:57,277,13159
语音叫号器（原创）,https://www.52pojie.cn/thread-1913243-1-1.html,CoderLeiShuo,2024-4-13 18:29,578,19753
StampDesign-印章设计制作软件(5.15更新 V3.3.2),https://www.52pojie.cn/thread-1913188-1-1.html,wblxok,2024-4-13 15:07,1077,22514
网易云缓存.UC!文件转.mp3,https://www.52pojie.cn/thread-1913113-1-1.html,矢岛舞美,2024-4-13 10:41,52,1271
VB6开发的一款的日历天气工具,https://www.52pojie.cn/thread-1911043-1-1.html,JasonSoftware,2024-4-8 14:50,108,3224
【一念桌面】自己开发的一个纯绿色的视频桌面软件，吾爱专版来袭，又双叒更新了,https://www.52pojie.cn/thread-1910760-1-1.html,longhun,2024-4-7 20:25,726,30084
一键OCR提取文字v0.0.0.71 截图 / 划屏翻译【生产力小工具】极简操作,https://www.52pojie.cn/thread-1910714-1-1.html,暴龙,2024-4-7 17:57,1297,27951
【2024.4.4更新】【坤Tools】一个支持WORD/PDF/EXCEL/PDF等格式的转换软件,https://www.52pojie.cn/thread-1909757-1-1.html,jidesheng6,2024-4-4 17:11,748,23363
阿里云盘 小白羊网盘v3.13.3 极速140MB/s+,https://www.52pojie.cn/thread-1907377-1-1.html,YangWangU,2024-3-29 09:32,1027,29083
Github开源远程控制软件 Rustdesk1.2.3-2（最新版本已更新）,https://www.52pojie.cn/thread-1901545-1-1.html,sdtax,2024-3-16 10:33,181,11358
单独提取的360 C盘清理软件绿色版，解压即用，功能强大！,https://www.52pojie.cn/thread-1900245-1-1.html,hongsky1113,2024-3-14 09:08,1319,28255
EXCEL文件比较工具,https://www.52pojie.cn/thread-1855681-1-1.html,retsyo,2023-11-12 12:07,1068,23007
央视频下载器,https://www.52pojie.cn/thread-1840128-1-1.html,letr,2023-10-2 20:10,70,5575
搜索文本2.4（从word、wps、excel、pdf和txt文件中查找文本的工具）,https://www.52pojie.cn/thread-1881372-1-1.html,tuao,2024-1-16 23:52,398,16412
快速还原3 还原密码破解,https://www.52pojie.cn/thread-1852763-1-1.html,夜空～独饮,2023-11-4 21:27,48,4530
【开源】金山打字通 2016 速通工具,https://www.52pojie.cn/thread-1150629-1-1.html,iTruth,2020-4-7 15:34,26,14932
安卓逆向入门笔记(一)——apk文件结构,https://www.52pojie.cn/thread-1781093-1-1.html,sigewangdaiduie,2023-5-3 23:42,47,5468
开源离线语音识别输入工具CapsWriter v1.0——支持无限时长语音+音视频文件转录字幕,https://www.52pojie.cn/thread-1902715-1-1.html,心开始の未来,2024-3-19 01:13,698,21285
Ultimate Vocal Remover v5.6.0（人声伴奏分离工具）,https://www.52pojie.cn/thread-1902194-1-1.html,百里吟风,2024-3-18 00:52,506,12314
磁盘备份工具snapshotx86x64chsmzc1.48.0.18929,https://www.52pojie.cn/thread-1922533-1-1.html,libinliyuan,2024-5-10 14:38,124,2888
电脑便签 V3.93 X64,https://www.52pojie.cn/thread-1922091-1-1.html,WeTrust,2024-5-9 12:44,493,16278
定位打卡软件的完美解决方案,https://www.52pojie.cn/thread-1922040-1-1.html,05306213,2024-5-9 10:44,59,2403
win10拖动exe或快捷方式入窗口即可添加自启动的小工具,https://www.52pojie.cn/thread-1921854-1-1.html,zhuton,2024-5-8 20:08,38,1210
【挂机摸鱼】移动云手机PC端多开版：5-9日更新,https://www.52pojie.cn/thread-1921846-1-1.html,Freedom_XY_,2024-5-8 19:31,105,5534
AnyDesk_8.0.10单文件版,https://www.52pojie.cn/thread-1921738-1-1.html,宋长雨,2024-5-8 15:03,46,2932
bitwarden 桌面版 v2024.4.3,https://www.52pojie.cn/thread-1921576-1-1.html,戏台上老将军,2024-5-8 10:05,41,3827
玩客云Armbian6.1.9 CasaOS刷机固件,https://www.52pojie.cn/thread-1921526-1-1.html,liyuhai86,2024-5-8 08:31,84,4603
掘金DY合集下载工具 By:wg19800 2024.5.7 绿色免费免安装,https://www.52pojie.cn/thread-1921474-1-1.html,wg198300,2024-5-7 23:12,112,3270
KTV v50.0.0 免费电视K歌,https://www.52pojie.cn/thread-1920848-1-1.html,ayang168,2024-5-6 12:28,1273,20383
【开源】分享一款易用、功能丰富、无需服务端的异地组网软件,https://www.52pojie.cn/thread-1920026-1-1.html,kkrainbow,2024-5-3 08:57,513,12055
实时打字翻译工具-Typing-translationV3.0,https://www.52pojie.cn/thread-1918992-1-1.html,鹿鸣,2024-4-29 13:54,396,12575
货架条形码生成：UI大升级，一键生成、智能补齐与自定义条形码,https://www.52pojie.cn/thread-1916544-1-1.html,W0ng52,2024-4-22 21:17,58,3500
分享一个离线OCR工具-识字精灵1.0.0.2,https://www.52pojie.cn/thread-1916127-1-1.html,5201813,2024-4-21 18:29,158,6588
课堂学生提问随机抽取系统1.0,https://www.52pojie.cn/thread-1914945-1-1.html,yuan0471,2024-4-18 10:26,93,4696
小幸运2V2.0.5安卓Alist一键webdav挂载115阿里天翼云盘等,https://www.52pojie.cn/thread-1914105-1-1.html,aHeero,2024-4-16 09:34,77,5367
vb6写得alist启动面板和win挂载小工具,https://www.52pojie.cn/thread-1913822-1-1.html,暗夜硝烟,2024-4-15 15:05,27,1595
鼠标检测软件Mouse Test 1.1.1,https://www.52pojie.cn/thread-1910731-1-1.html,天涯89,2024-4-7 18:52,94,6370
【5/14更新】熊猫脚本助手_吾爱专版 V2.0,https://www.52pojie.cn/thread-1907307-1-1.html,xhao屁孩,2024-3-28 23:37,1260,56326
阻止撤回消息2.0 防撤回,https://www.52pojie.cn/thread-1906860-1-1.html,kongdaoa,2024-3-28 01:47,134,7389
文件自动分拣工具Quick-Suffix-Classification1.0,https://www.52pojie.cn/thread-1902154-1-1.html,鹿鸣,2024-3-17 22:08,448,18175
萝卜头文档下载器 1.1 用于下载范文总结讲稿等,https://www.52pojie.cn/thread-1901990-1-1.html,ssh806,2024-3-17 14:21,480,12868
免费剪贴板增强工具-CopyQ 8.0.0中文便携版,https://www.52pojie.cn/thread-1901838-1-1.html,鹿鸣,2024-3-16 23:45,138,5471
电脑屏幕锁ScreenBlur2.0：一键锁屏/隐藏桌面 汉化,https://www.52pojie.cn/thread-1780033-1-1.html,zoshl,2023-4-29 18:18,196,14092
IDA 7.0 pro 使用 (进阶篇),https://www.52pojie.cn/thread-1151197-1-1.html,nigacat,2020-4-8 10:53,71,23442
IDA 7.0pro 使用（基础篇）,https://www.52pojie.cn/thread-1142065-1-1.html,nigacat,2020-3-27 15:18,90,27750
【转帖】IDA Pro7.0使用技巧总结,https://www.52pojie.cn/thread-886103-1-1.html,默小白,2019-3-4 09:42,96,48668
IDA学习经验和实战记录--手过花指令(2),https://www.52pojie.cn/thread-849105-1-1.html,涛之雨,2019-1-5 15:13,28,12198
xIDA学习经验和实战记录--手过花指令（1）,https://www.52pojie.cn/thread-847449-1-1.html,涛之雨,2019-1-2 00:04,75,21432
某题库的小小Python爬虫,https://www.52pojie.cn/thread-1894455-1-1.html,铁板兄长361,2024-2-28 13:30,21,1291
手把手教python爬取漫画(每一步都有注释),https://www.52pojie.cn/thread-1259175-1-1.html,三木猿,2020-9-2 14:01,26,6028
【教程】终于对吾爱下手了，吾爱简单数据爬虫第二课,https://www.52pojie.cn/thread-876110-1-1.html,天域至尊,2019-2-22 12:58,46,10486
【教程】终于对吾爱下手了，吾爱简单数据爬虫第一课,https://www.52pojie.cn/thread-874701-1-1.html,天域至尊,2019-2-21 11:05,75,14692
原创诗词《木兰花慢-无事歌悲曲》,https://www.52pojie.cn/thread-1911029-1-1.html,玉柩,2024-4-8 14:20,35,185
分享一首最近写的词,https://www.52pojie.cn/thread-1896527-1-1.html,玉柩,2024-3-4 17:24,23,152
分享原创诗词32首及部分写作经验,https://www.52pojie.cn/thread-1782233-1-1.html,玉柩,2023-5-6 17:50,24,717
分享我6年来的诗词写作经验,https://www.52pojie.cn/thread-1685660-1-1.html,玉柩,2022-9-8 11:39,54,2022
就是为了这几个字，我才写的这首诗,https://www.52pojie.cn/thread-1681507-1-1.html,玉柩,2022-8-29 13:22,51,258
写了首词，坛友们给点建议,https://www.52pojie.cn/thread-1663663-1-1.html,玉柩,2022-7-20 11:47,22,106
分享我玩过的3A大作单机游戏经验【续集】,https://www.52pojie.cn/thread-1760973-1-1.html,玉柩,2023-3-18 12:12,60,5842
分享我玩过的3A大作单机游戏经验,https://www.52pojie.cn/thread-1755226-1-1.html,玉柩,2023-3-7 14:24,162,6781
分享我用过的好用药品经验（第二期）,https://www.52pojie.cn/thread-1880455-1-1.html,玉柩,2024-1-14 17:29,92,3226
分享我用过的好用药品经验（第一期）,https://www.52pojie.cn/thread-1815227-1-1.html,玉柩,2023-7-30 20:23,145,5725
关于失眠使用中成药调理经验杂谈,https://www.52pojie.cn/thread-1790785-1-1.html,玉柩,2023-5-28 16:42,14,1182
分享我用过的中成药经验【续集】,https://www.52pojie.cn/thread-1772988-1-1.html,玉柩,2023-4-12 18:30,63,3303
关于肾虚使用中成药补肾经验杂谈,https://www.52pojie.cn/thread-1769331-1-1.html,玉柩,2023-4-4 10:31,123,6139
分享我用过的几款中成药的经验,https://www.52pojie.cn/thread-1747208-1-1.html,玉柩,2023-2-17 13:13,106,5895
分享《万法神符》,https://www.52pojie.cn/thread-1923188-1-1.html,玉柩,2024-5-12 09:35,30,1032
分享《圆光真传秘诀》,https://www.52pojie.cn/thread-1915985-1-1.html,玉柩,2024-4-21 09:40,41,1684
修炼口诀,https://www.52pojie.cn/thread-1908670-1-1.html,玉柩,2024-4-1 17:18,55,777
分享古籍《太玄经》,https://www.52pojie.cn/thread-1891322-1-1.html,玉柩,2024-2-20 11:33,24,1189
《飞神谒帝秘旨》法秘,https://www.52pojie.cn/thread-1886932-1-1.html,馒头小馒头,2024-2-1 13:48,2,300
【道教古籍手抄本】《法师符秘》,https://www.52pojie.cn/thread-1885512-1-1.html,馒头小馒头,2024-1-28 14:34,14,971
《斗法秘传》写本,https://www.52pojie.cn/thread-1885510-1-1.html,馒头小馒头,2024-1-28 14:30,14,927
【道教典籍】《天王镇灾符法秘诀》光绪元年手抄本,https://www.52pojie.cn/thread-1883907-1-1.html,馒头小馒头,2024-1-23 18:50,14,879
【符咒古籍】《拘拿邪魔雷票》清代道光年间符咒手写本,https://www.52pojie.cn/thread-1883904-1-1.html,馒头小馒头,2024-1-23 18:42,21,1258
【道家修炼符咒法本】《丹田帝师炁诞秘旨》,https://www.52pojie.cn/thread-1882347-1-1.html,馒头小馒头,2024-1-19 13:24,12,846
【道教符咒法本】《先天浑元驱邪符本》,https://www.52pojie.cn/thread-1881687-1-1.html,馒头小馒头,2024-1-17 18:18,7,904
分享道教藏书合集1689本（电子书版）,https://www.52pojie.cn/thread-1881595-1-1.html,玉柩,2024-1-17 14:48,50,1890
分享修真古籍《指玄集》,https://www.52pojie.cn/thread-1878386-1-1.html,玉柩,2024-1-9 11:38,83,2337
【古书籍】三皇秘傳之三十六虎,https://www.52pojie.cn/thread-1877582-1-1.html,馒头小馒头,2024-1-7 14:01,11,824
分享古籍《万法归宗》,https://www.52pojie.cn/thread-1814377-1-1.html,╰超人不会吠╮,2023-7-28 12:06,47,1574
分享古籍《太乙经》,https://www.52pojie.cn/thread-1809087-1-1.html,╰超人不会吠╮,2023-7-16 13:08,23,990
分享古籍《戒淫宝录》,https://www.52pojie.cn/thread-1804596-1-1.html,玉柩,2023-7-4 13:42,124,5536
分享《丹道法诀十二讲》,https://www.52pojie.cn/thread-1800059-1-1.html,╰超人不会吠╮,2023-6-21 11:38,16,1037
分享《道家修真圖》,https://www.52pojie.cn/thread-1796852-1-1.html,╰超人不会吠╮,2023-6-13 13:48,32,1459
分享古籍《无名氏八段锦》,https://www.52pojie.cn/thread-1793638-1-1.html,玉柩,2023-6-5 11:12,18,1517
分享《太乙金华宗旨》,https://www.52pojie.cn/thread-1786055-1-1.html,╰超人不会吠╮,2023-5-16 11:09,5,628
分享《上清灵宝济度大成金书》,https://www.52pojie.cn/thread-1785586-1-1.html,╰超人不会吠╮,2023-5-15 11:09,13,701
分享《臞仙活人心法》,https://www.52pojie.cn/thread-1784075-1-1.html,╰超人不会吠╮,2023-5-11 10:26,18,1249
分享《岣嵝神书》,https://www.52pojie.cn/thread-1777821-1-1.html,╰超人不会吠╮,2023-4-24 09:44,19,940
分享古籍《太上洞玄灵宝高上玉皇本行集经》,https://www.52pojie.cn/thread-1774446-1-1.html,╰超人不会吠╮,2023-4-16 01:01,9,513
分享古籍《灵官经》,https://www.52pojie.cn/thread-1768074-1-1.html,╰超人不会吠╮,2023-4-1 11:21,17,942
分享修真古籍《张平叔悟真篇集注》,https://www.52pojie.cn/thread-1767439-1-1.html,玉柩,2023-3-31 08:24,27,961
分享修真古籍残本《福寿丹书》,https://www.52pojie.cn/thread-1762944-1-1.html,玉柩,2023-3-22 11:04,45,1723
分享修仙古籍《黄庭内景经笺注》【影印版】,https://www.52pojie.cn/thread-1742090-1-1.html,玉柩,2023-2-5 00:26,34,1800
分享古籍手抄秘本《全真太教传修仙辨惑直指口诀妙奥》,https://www.52pojie.cn/thread-1734409-1-1.html,玉柩,2023-1-9 02:34,37,2175
分享修真古籍《金仙证论》,https://www.52pojie.cn/thread-1720172-1-1.html,玉柩,2022-11-29 12:57,47,1758
分享修真古籍《性命圭旨》,https://www.52pojie.cn/thread-1716859-1-1.html,玉柩,2022-11-22 11:47,69,2612
分享古籍《易经》,https://www.52pojie.cn/thread-1716530-1-1.html,玉柩,2022-11-21 17:24,65,3482
分享道教古籍《九天应元雷声普化天尊玉枢宝经》,https://www.52pojie.cn/thread-1714947-1-1.html,玉柩,2022-11-18 12:46,52,2105
分享道教古籍《抱朴子》（内外篇）,https://www.52pojie.cn/thread-1714047-1-1.html,玉柩,2022-11-16 17:12,43,2138
分享古籍《大唐阴阳书》手抄残卷,https://www.52pojie.cn/thread-1701540-1-1.html,玉柩,2022-10-20 11:20,57,2774
分享古籍《太上洞渊神咒经》,https://www.52pojie.cn/thread-1701139-1-1.html,玉柩,2022-10-19 13:10,59,2787
分享古籍《景祐遁甲符应经》,https://www.52pojie.cn/thread-1696412-1-1.html,玉柩,2022-10-7 11:48,33,1715
分享修真古籍《廿四式长生图》手抄本,https://www.52pojie.cn/thread-1695634-1-1.html,玉柩,2022-10-4 17:13,55,3308
分享道教藏书【云笈七签】共计一百二十二卷,https://www.52pojie.cn/thread-1641519-1-1.html,玉柩,2022-5-26 23:24,35,1636
分享修真功法《灵宝毕法》,https://www.52pojie.cn/thread-1640134-1-1.html,玉柩,2022-5-23 23:39,85,3610
分享道教古籍《元皇秘法》,https://www.52pojie.cn/thread-1636190-1-1.html,玉柩,2022-5-15 00:01,40,2496
分享【炼丹术】,https://www.52pojie.cn/thread-1630547-1-1.html,玉柩,2022-5-2 10:20,83,2537
分享修真功法《天仙金丹心法》,https://www.52pojie.cn/thread-1629644-1-1.html,玉柩,2022-4-29 17:28,137,4522
分享二十三篇【修仙法诀】,https://www.52pojie.cn/thread-1334501-1-1.html,玉柩,2020-12-22 00:44,36,2029
分享《张三丰太极炼丹秘诀》,https://www.52pojie.cn/thread-1315543-1-1.html,玉柩,2020-11-27 13:14,35,1076
分享修真功法《道源寶卷》,https://www.52pojie.cn/thread-1314334-1-1.html,玉柩,2020-11-26 00:05,130,3792
吾爱破解论坛总版规【20240124_New】,https://www.52pojie.cn/thread-143136-1-1.html,皈依我佛,2012-4-11 23:43,1,3557911
萝卜头文档下载器 1.1 用于下载范文总结讲稿等,https://www.52pojie.cn/thread-1901990-1-1.html,ssh806,2024-3-17 14:21,480,12868
火绒剑最后独立版本-2023.10.23,https://www.52pojie.cn/thread-1859777-1-1.html,忆魂丶天雷,2023-11-21 11:57,195,13907
VMware Workstation虚拟机合集+激活密钥_Win+Linux_10∕11∕12∕14∕15∕16∕17,https://www.52pojie.cn/thread-1804571-1-1.html,birdlily,2023-7-4 12:17,815,52414
加速github访问的工具,https://www.52pojie.cn/thread-1797742-1-1.html,scggdani,2023-6-15 14:21,780,32686
ev录屏 EVCapture_v5.0.3 便捷版,https://www.52pojie.cn/thread-1794035-1-1.html,戏台上老将军,2023-6-6 09:50,348,23773
西门子PLC资源分享,https://www.52pojie.cn/thread-1783072-1-1.html,piliuliu1,2023-5-9 08:47,31,1828
ProjectEye V1.4.3：基于 20-20-20 规则的开源用眼休息提醒软件,https://www.52pojie.cn/thread-1763066-1-1.html,ballfish,2023-3-22 14:54,11,1084
强大的查壳工具-Die(Detect It Easy)_V3.09,https://www.52pojie.cn/thread-1736240-1-1.html,wszjf,2023-1-14 12:36,196,19496
Github加速小工具,https://www.52pojie.cn/thread-1716118-1-1.html,luxingyu329,2022-11-20 22:11,1671,57147
neat reader v8.1.4 例行更新 完美离线 epub/txt 阅读器,https://www.52pojie.cn/thread-1715250-1-1.html,夜泉,2022-11-18 22:42,209,23945
neatconverter绿色免安装版 V4.0.1 免费版,https://www.52pojie.cn/thread-1655232-1-1.html,dsatcn,2022-6-28 18:59,32,8907
[2023/05更新预告]反汇编神器IDA Pro 7.7.220118 (SP1)汉化版,https://www.52pojie.cn/thread-1640829-1-1.html,夏暖i,2022-5-25 12:46,390,40588
小巧全能的多引擎翻译软件 QTranslate v6.10.0 官方绿色版,https://www.52pojie.cn/thread-1585458-1-1.html,Stylish,2022-2-10 13:09,191,12904
空文件夹清理EmptyFolderFinder V5.0.0.28-搭配everything食用更佳！,https://www.52pojie.cn/thread-1578586-1-1.html,SmallYounG-Tit,2022-1-20 17:04,66,10874
小巧强悍的多引擎翻译利器 QTranslate v6.9.0 官方绿色版,https://www.52pojie.cn/thread-1502519-1-1.html,Stylish,2021-8-30 01:39,742,36408
chm阅读器 ExtraChm1.51汉化版,https://www.52pojie.cn/thread-1437590-1-1.html,3389406,2021-5-11 09:59,36,12018
Rolan 1.3.6.1.不升级老版本 带皮肤更换~~~,https://www.52pojie.cn/thread-1318455-1-1.html,shghe,2020-12-1 15:04,64,7711
【易语言30000+源码大全】打包分享~请食用！,https://www.52pojie.cn/thread-1109716-1-1.html,红红火火,2020-2-19 02:39,130,17301
IDM反复跳窗 最新补丁,https://www.52pojie.cn/thread-1089241-1-1.html,wonathan,2020-1-11 12:10,65,12807
树洞 OCR 跨平台文字识别小工具 V1.2.0【06.30】,https://www.52pojie.cn/thread-912949-1-1.html,shelher,2019-3-27 16:27,485,104535
最新版-目录监视器DirectoryMonitor2_21223,https://www.52pojie.cn/thread-852123-1-1.html,hxz303,2019-1-11 19:46,25,5878
Java代码转Smali代码工具：Java2Smali,https://www.52pojie.cn/thread-656320-1-1.html,yisin_86,2017-10-29 12:59,70,44134
Excel可视化信息图表模板122份,https://www.52pojie.cn/thread-1890380-1-1.html,hsym921,2024-2-17 19:13,36,3010
分享几个du盘的解析站点（低调使用，切莫宣传）,https://www.52pojie.cn/thread-1846391-1-1.html,fyabcabc,2023-10-19 20:39,13,1205
一点红语音合成2.0版本 -吾爱专版,https://www.52pojie.cn/thread-1908072-1-1.html,zbb2012,2024-3-31 08:01,5652,35178
电子教室管理软件veyon v4.8.3,https://www.52pojie.cn/thread-1892211-1-1.html,鹿鸣,2024-2-22 15:24,352,21810
office Excel&WPS 插件 Kutools for EXCEL PLUS v26.10专业的EXCEL插件,https://www.52pojie.cn/thread-1890659-1-1.html,Abraham888,2024-2-18 15:32,633,28917
M3U8批量下载器 V1.4.8 0508【5月8日更新】,https://www.52pojie.cn/thread-1631141-1-1.html,逍遥一仙,2022-5-3 23:09,1419,89177
OFFICE批量转PDF工具V5.5.1.0版丨更新啦！（支持Excel、word、PPT一键转PDF）,https://www.52pojie.cn/thread-1921084-1-1.html,ww0809,2024-5-6 22:37,322,8473
微软常用运行库集合版（VC++）v2024.05.03（附 AIO 轻量版）,https://www.52pojie.cn/thread-1908688-1-1.html,心开始の未来,2024-4-1 18:10,509,15257
一点红语音合成2.0版本 -吾爱专版,https://www.52pojie.cn/thread-1908072-1-1.html,zbb2012,2024-3-31 08:01,5652,35178
文件转换器File Converter v2.0.2 ——支持音视频、图片及文档等格式转换及功能改进,https://www.52pojie.cn/thread-1905396-1-1.html,心开始の未来,2024-3-25 01:53,633,17052
微信Windows版 v3.9.9.43 多开&消息防撤回正式版绿色版纯64位（2.1更新）,https://www.52pojie.cn/thread-1876751-1-1.html,uzou,2024-1-5 01:18,1064,47954
CDR版本转换器 1.5,https://www.52pojie.cn/thread-1875777-1-1.html,nojon,2024-1-2 19:51,73,6078
整理最全的学霸笔记，从小学到高中,https://www.52pojie.cn/thread-1884510-1-1.html,CDustin,2024-1-25 11:33,86,3316
【螺蛳大语文】【小学到高中全套】【120GB】[夸克],https://www.52pojie.cn/thread-1883669-1-1.html,liangzw,2024-1-23 10:40,25,1284
《薛金星》小学1-6年级《教材全解》电子版,https://www.52pojie.cn/thread-1883635-1-1.html,killerfan,2024-1-23 09:52,48,2313
从小学到初中寒假教辅资料大全,https://www.52pojie.cn/thread-1883592-1-1.html,longbang,2024-1-23 06:42,39,2120
最新 年级阅读 五年级下册 高清无水印,https://www.52pojie.cn/thread-1883166-1-1.html,okayy,2024-1-22 08:34,9,517
北大花花精读写作课 (全年龄段学生适用）,https://www.52pojie.cn/thread-1883152-1-1.html,longbang,2024-1-22 00:50,32,2325
李永乐老师给孩子讲物理配套十集动画片,https://www.52pojie.cn/thread-1882789-1-1.html,ddyy004,2024-1-20 15:36,56,2351
初中语文12部必读名著讲解课,https://www.52pojie.cn/thread-1881527-1-1.html,十年足矣随星驰,2024-1-17 12:38,38,1609
学而思1-9年级英语语法教学视频,https://www.52pojie.cn/thread-1879656-1-1.html,yaoyaohaohaizi,2024-1-12 10:42,36,2334
学科网 组卷网 中学（初中 高中）代下 第二贴,https://www.52pojie.cn/thread-1877870-1-1.html,一夜西川,2024-1-8 10:40,180,3131
凯叔系列（目前最全）,https://www.52pojie.cn/thread-1877829-1-1.html,AsterRoyal,2024-1-8 09:32,100,5831
少儿编程《猿辅导编程》L1+L2,https://www.52pojie.cn/thread-1875859-1-1.html,longbang,2024-1-3 00:40,37,2670
清华附小系列课【数学动画课1-6年级全】+【妙解成语动画95课】,https://www.52pojie.cn/thread-1875858-1-1.html,longbang,2024-1-3 00:35,77,3568
【今日话题】你永远赚不到你认知以外的钱,https://www.52pojie.cn/thread-1881173-1-1.html,aa123dami,2024-1-16 14:52,61,569
冯雪·家庭健康管理100讲 PDF+音频,https://www.52pojie.cn/thread-1881154-1-1.html,hsym921,2024-1-16 14:16,12,833
价值129元的得到 课程刘澜·《学习力30讲》,https://www.52pojie.cn/thread-1880998-1-1.html,lynnlinlin,2024-1-16 09:19,11,1054
豪氏象棋教程,https://www.52pojie.cn/thread-1880985-1-1.html,longbang,2024-1-16 08:46,31,1471
迷人的叠加素材 (PNG),https://www.52pojie.cn/thread-1880983-1-1.html,longbang,2024-1-16 08:41,4,387
700本世界名著(英汉双语),https://www.52pojie.cn/thread-1880926-1-1.html,hsym921,2024-1-15 22:34,10,922
【得到】家庭共读研修班·四大名著（完结）,https://www.52pojie.cn/thread-1880914-1-1.html,十年足矣随星驰,2024-1-15 21:57,15,827
【喜马拉雅最新付费课程合集】,https://www.52pojie.cn/thread-1880777-1-1.html,d6363036,2024-1-15 15:14,28,1296
初高中文理科学霸状元笔记PDF,https://www.52pojie.cn/thread-1880614-1-1.html,hsym921,2024-1-15 10:20,31,1532
性心理学2024年1月出版.epub,https://www.52pojie.cn/thread-1880611-1-1.html,longbang,2024-1-15 10:16,21,1471
最新书籍推荐《钱从哪里来5》《变量6》,https://www.52pojie.cn/thread-1880397-1-1.html,jiaozi0476,2024-1-14 14:23,46,1810
儿童科普动画《奇妙的世界》 (共120集),https://www.52pojie.cn/thread-1880356-1-1.html,hsym921,2024-1-14 11:51,38,1633
「小学-初中-高中【新版-老版课本PDF】【115GB】」,https://www.52pojie.cn/thread-1880193-1-1.html,WWSJJX52,2024-1-13 18:06,30,1685
高途课堂初中知识汇总PDF,https://www.52pojie.cn/thread-1880118-1-1.html,十年足矣随星驰,2024-1-13 14:00,35,1603
阿妹艺术写实油画系统课水果班,https://www.52pojie.cn/thread-1880088-1-1.html,longbang,2024-1-13 12:16,3,406
【喜马拉雅】高情商必读50本经典书单：大师读书课（完结）,https://www.52pojie.cn/thread-1880072-1-1.html,hsym921,2024-1-13 11:24,34,2445
《高分图书50部》好书共读,https://www.52pojie.cn/thread-1880043-1-1.html,hsym921,2024-1-13 10:10,10,1218
微信读书2023年度榜单150本,https://www.52pojie.cn/thread-1879761-1-1.html,hsym921,2024-1-12 14:10,40,2166
刘畅老师教画画课程合集（七合一）,https://www.52pojie.cn/thread-1879587-1-1.html,longbang,2024-1-12 02:11,11,936
1952年-2022年高考真题大合集,https://www.52pojie.cn/thread-1879566-1-1.html,longbang,2024-1-12 00:00,18,705
高中语文必背40首古诗文标准朗诵MP3,https://www.52pojie.cn/thread-1879477-1-1.html,hsym921,2024-1-11 18:55,9,522
精选可商用字体合集,https://www.52pojie.cn/thread-1879314-1-1.html,lm6699,2024-1-11 14:13,5,710
「豆瓣年度读书榜单（2015年-2023年）」电子书合集,https://www.52pojie.cn/thread-1879188-1-1.html,WWSJJX52,2024-1-11 10:10,34,1553
精选200+套手抄报模板,https://www.52pojie.cn/thread-1878985-1-1.html,hsym921,2024-1-10 17:06,45,1704
2023 帆书非凡精读,https://www.52pojie.cn/thread-1877770-1-1.html,hsym921,2024-1-8 00:21,21,1325
笑死人脱口秀会员专场,https://www.52pojie.cn/thread-1877764-1-1.html,hsym921,2024-1-7 23:55,30,1251
短视频剪辑配音音效库(9000+),https://www.52pojie.cn/thread-1877567-1-1.html,lm6699,2024-1-7 13:19,20,1891
王大霜2023综合材料拼贴插画肌理实验室,https://www.52pojie.cn/thread-1877517-1-1.html,lm6699,2024-1-7 10:29,0,101
2024龙年艺术字矢量Ai设计文件60套,https://www.52pojie.cn/thread-1877513-1-1.html,longbang,2024-1-7 10:10,10,812
2024拜年祝福视频AE模板31套,https://www.52pojie.cn/thread-1877255-1-1.html,longbang,2024-1-6 11:30,75,2978
樊登读书会合集 更新至2023年12月,https://www.52pojie.cn/thread-1877010-1-1.html,hsym921,2024-1-5 15:41,8,1352
高质量历史书500本PDF,https://www.52pojie.cn/thread-1876985-1-1.html,hsym921,2024-1-5 14:59,45,2388
各类经典著名典藏书籍套装100部近2000册，合计12.1G,https://www.52pojie.cn/thread-1876984-1-1.html,zhangly,2024-1-5 14:58,5,607
儿童有声读物：国际大奖小说系列合集60部，8.3G,https://www.52pojie.cn/thread-1876970-1-1.html,suzly,2024-1-5 14:43,69,2585
经典书籍套装合辑书大全集，500套近万册，55.5G,https://www.52pojie.cn/thread-1876822-1-1.html,zhangly,2024-1-5 10:16,26,1682
又来放大了~PPT模板多套合集 (3000+),https://www.52pojie.cn/thread-1876914-1-1.html,longbang,2024-1-5 13:00,6,936
上百套简历模版合集,https://www.52pojie.cn/thread-1876894-1-1.html,hsym921,2024-1-5 11:53,14,740
经典漫画合辑168部304G，你喜欢看的漫画我都有,https://www.52pojie.cn/thread-1876860-1-1.html,suzly,2024-1-5 11:17,82,3507
大江大河、半小时漫画、北欧悬疑大师......40本经典套装书籍6.41G,https://www.52pojie.cn/thread-1875924-1-1.html,suzly,2024-1-3 09:47,20,1546
来来来，2023年新出版的好书图书2000册！13.72G！,https://www.52pojie.cn/thread-1875902-1-1.html,suzly,2024-1-3 09:29,67,3339
中小学电子课本下载器 v1.1 家长必备神器 [更新],https://www.52pojie.cn/thread-1875114-1-1.html,aee,2023-12-31 14:40,792,21970
央视网视频下载器 v1.1 自媒体必备神器 [更新],https://www.52pojie.cn/thread-1872939-1-1.html,aee,2023-12-25 16:10,422,10991
GitHub下载器 v1.1 GitHub文件下载必备神器,https://www.52pojie.cn/thread-1870071-1-1.html,aee,2023-12-17 17:34,37,2953
全网热点要闻采集器 v2.3 自媒体从业者必备神器 [更新],https://www.52pojie.cn/thread-1868035-1-1.html,aee,2023-12-12 10:30,402,13931
求几个学兔兔材料，谢谢,https://www.52pojie.cn/thread-1755624-1-1.html,womanmm1,2023-3-8 11:22,2,304
